code_4digit,code_jquants_5digit,name_pdf,account,shares,avg_cost_yen,code,Name,in_holdings,core_pass,core_candidate,core_momo_pass,satellite_pass,drop_reason,core_drop_reasons,satellite_drop_reasons,dividend_yield_fwd_total,dividend_yield_fwd,yield_split_mismatch,fcf_payout_3y,non_cut_years_verified,non_cut_years_required,coverage_years,div_source_used,needs_manual_dividend_check,cfo_pos_5y_ratio,fcf_pos_5y_ratio,trend_score,rs_percentile,composite_score,value_pass,data_quality_flags
1414,14140,ショーボンドＨＤ,特定,1200,1446.66,14140,ショーボンドホールディングス,True,False,False,False,False,A_non_cut_years; TT_not_all_pass,A_non_cut_years,TT_not_all_pass,0.12410788638108777,0.12359154929577465,False,0.5102874195068321,0.0,5,18,yf,False,1.0,1.0,5,63.042071197411,37.521035598705495,True,div_split_adjusted
1605,16050,ＩＮＰＥＸ,特定,400,1835.75,16050,ＩＮＰＥＸ,True,False,False,False,True,E_div_yield,E_div_yield,,0.021186778168544685,0.020737882806848323,False,0.2564895279801184,5.0,5,19,yf,False,1.0,1.0,6,94.07766990291262,49.53883495145631,True,div_split_adjusted
1928,19280,積水ハウス,特定,300,3550.0,19280,積水ハウス,True,False,False,False,False,A_non_cut_years; C_fcf_pos_ratio; D_fcf_payout; D_fcf_hard_fail; TT_not_all_pass; data_missing:fcf_payout,A_non_cut_years; C_fcf_pos_ratio; D_fcf_payout; D_fcf_hard_fail,TT_not_all_pass,0.037005833859660074,0.036996437380104136,False,,0.0,5,27,yf,False,1.0,0.0,5,53.55987055016181,35.7799352750809,True,
2768,27680,双日,特定,100,3338.0,27680,双日,True,False,False,False,True,A_non_cut_years; B_cfo_pos_ratio; C_fcf_pos_ratio; D_fcf_payout; D_fcf_hard_fail; E_div_yield,A_non_cut_years; B_cfo_pos_ratio; C_fcf_pos_ratio; D_fcf_payout; D_fcf_hard_fail; E_div_yield,,0.02400939284623691,0.023499921666927777,False,0.7573746549399756,0.0,5,20,yf,False,0.3333333333333333,0.3333333333333333,6,91.94174757281553,54.970873786407765,True,div_split_adjusted
3543,35430,コメダホールディングス,特定,100,3125.0,35430,コメダホールディングス,True,False,False,False,False,A_non_cut_years; E_div_yield; TT_not_all_pass; yield_below_2pct,A_non_cut_years; E_div_yield,TT_not_all_pass; yield_below_2pct,0.01764313559647595,0.01764705882352941,False,0.22870920923264199,0.0,5,11,yf,False,1.0,1.0,3,36.763754045307444,30.381877022653722,True,
3946,39460,トーモク,特定,300,2224.0,39460,トーモク,True,False,False,False,False,A_non_cut_years; E_div_yield; F_value_pass; TT_not_all_pass; data_missing:yield_total,A_non_cut_years; E_div_yield; F_value_pass,TT_not_all_pass,,0.02936857562408223,False,0.23877028181041846,0.0,5,25,yf,False,1.0,1.0,5,47.055016181229774,32.52750809061489,False,shares_missing; div_split_adjusted
4206,42060,アイカ工業,特定,100,3421.0,42060,アイカ工業,True,False,False,False,False,A_non_cut_years; F_value_pass; TT_not_all_pass; data_missing:yield_total,A_non_cut_years; F_value_pass,TT_not_all_pass,,0.03090037293553543,False,0.5106845809341011,0.0,5,26,yf,False,1.0,1.0,4,45.17799352750809,31.588996763754047,False,shares_missing
4733,47330,オービックビジネスＣ,特定,200,5925.0,47330,オービックビジネスコンサルタント,True,False,False,False,False,A_non_cut_years; E_div_yield; F_value_pass; TT_not_all_pass; yield_below_2pct; data_missing:yield_total,A_non_cut_years; E_div_yield; F_value_pass,TT_not_all_pass; yield_below_2pct,,0.01535477614352675,False,0.34686081985284695,0.0,5,23,yf,False,1.0,1.0,1,2.4271844660194173,10.21359223300971,False,shares_missing; div_split_adjusted
5161,51610,西川ゴム工業,特定,100,2256.0,51610,西川ゴム工業,True,False,False,False,False,A_non_cut_years; E_div_yield; F_value_pass; TT_not_all_pass,A_non_cut_years; E_div_yield; F_value_pass,TT_not_all_pass,0.029515643846887665,0.05903954802259887,True,0.23539074370662397,0.0,5,24,yf,False,1.0,1.0,6,73.5598705501618,48.7799352750809,False,div_split_adjusted; yield_split_mismatch
6209,62090,リケンＮＰＲ,特定,200,2159.0,62090,リケンＮＰＲ,True,False,True,False,False,A_non_cut_years; TT_not_all_pass,A_non_cut_years,TT_not_all_pass,0.03376666829578999,0.033766233766233764,False,0.3560625814863103,0.0,5,3,yf,True,1.0,1.0,6,79.83818770226537,60.919093851132686,True,div_history_short
6932,69320,遠藤照明,特定,400,2109.95,69320,遠藤照明,True,False,False,False,False,A_non_cut_years; C_fcf_pos_ratio; D_fcf_hard_fail; E_div_yield; yield_below_2pct,A_non_cut_years; C_fcf_pos_ratio; D_fcf_hard_fail; E_div_yield,yield_below_2pct,0.018443661605143623,0.01846381093057607,False,0.1833609271523179,0.0,5,24,yf,False,1.0,0.5,6,73.7864077669903,45.89320388349515,True,
7453,74530,良品計画,特定,100,2003.0,74530,良品計画,True,False,False,False,False,A_non_cut_years; E_div_yield; F_value_pass; TT_not_all_pass; yield_below_2pct,A_non_cut_years; E_div_yield; F_value_pass,TT_not_all_pass; yield_below_2pct,0.006977885039615427,0.013333333333333334,True,0.3940006953883112,0.0,5,26,yf,False,1.0,1.0,6,82.84789644012946,50.42394822006473,False,div_split_adjusted; yield_split_mismatch
7867,78670,タカラトミー,特定,200,4317.0,78670,タカラトミー,True,False,False,False,False,A_non_cut_years; D_fcf_hard_fail; E_div_yield; F_value_pass; TT_not_all_pass; data_missing:yield_total,A_non_cut_years; D_fcf_hard_fail; E_div_yield; F_value_pass,TT_not_all_pass,,0.0206794682422452,False,0.6469662921348315,0.0,5,25,yf,False,1.0,1.0,1,10.258899676375405,14.129449838187703,False,shares_missing; div_split_adjusted
8098,80980,稲畑産業,特定,200,3920.0,80980,稲畑産業,True,False,False,False,True,A_non_cut_years,A_non_cut_years,,0.03047831557697255,0.03033980582524272,False,0.35410668481390356,0.0,5,26,yf,False,1.0,1.0,6,70.16181229773463,47.080906148867314,True,
8316,83160,三井住友フィナンシャルＧ,特定,100,2998.0,83160,三井住友フィナンシャルグループ,True,False,False,False,False,A_non_cut_years; fin_sector_excluded_from_core; E_div_yield; fin:A_non_cut_years; fin:E_div_yield; yield_unknown,A_non_cut_years; fin_sector_excluded_from_core; E_div_yield; fin:A_non_cut_years; fin:E_div_yield,yield_unknown,0.02215219770252924,,False,1.6510118042780249,0.0,5,24,yf,False,1.0,0.6666666666666666,6,80.64724919093851,49.323624595469255,True,div_split_adjusted
8591,85910,オリックス,特定,300,3489.33,85910,オリックス,True,False,False,False,False,A_non_cut_years; fin_sector_excluded_from_core; E_div_yield; fin:A_non_cut_years; fin:E_div_yield; TT_not_all_pass; data_missing:fcf_payout,A_non_cut_years; fin_sector_excluded_from_core; E_div_yield; fin:A_non_cut_years; fin:E_div_yield,TT_not_all_pass,0.024656293311610778,0.024597253535560568,False,,2.0,5,25,yf,False,1.0,0.0,6,78.41423948220064,61.20711974110032,True,div_split_adjusted
8593,85930,三菱ＨＣキャピタル,特定,500,985.02,85930,三菱ＨＣキャピタル,True,False,False,False,True,A_non_cut_years; fin_sector_excluded_from_core; E_div_yield; fin:A_non_cut_years; fin:E_div_yield,A_non_cut_years; fin_sector_excluded_from_core; E_div_yield; fin:A_non_cut_years; fin:E_div_yield,,0.027264018525995606,0.027220142905750255,False,1.1749108355978262,0.0,5,26,yf,False,0.0,0.5,6,75.14563106796116,46.57281553398058,True,div_split_adjusted
8707,87070,岩井コスモホールディング,特定,200,2099.0,87070,岩井コスモホールディングス,True,False,False,False,False,A_non_cut_years; B_cfo_pos_ratio; C_fcf_pos_ratio; D_fcf_payout; D_fcf_hard_fail; E_div_yield; F_value_pass; yield_unknown; data_missing:yield_total; data_missing:cfo_pos_ratio; data_missing:fcf_pos_ratio; data_missing:fcf_payout,A_non_cut_years; B_cfo_pos_ratio; C_fcf_pos_ratio; D_fcf_payout; D_fcf_hard_fail; E_div_yield; F_value_pass,yield_unknown,,,False,,0.0,5,21,yf,False,,,6,82.23300970873785,41.11650485436893,False,shares_missing
8725,87250,ＭＳ＆ＡＤ,特定,300,2726.5,87250,ＭＳ＆ＡＤインシュアランスグループホールディングス,True,False,False,False,False,A_non_cut_years; fin_sector_excluded_from_core; fin:A_non_cut_years; TT_not_all_pass,A_non_cut_years; fin_sector_excluded_from_core; fin:A_non_cut_years,TT_not_all_pass,0.0359219921584962,0.035565366691194505,False,0.9748064709278703,0.0,5,19,yf,False,1.0,1.0,5,69.83818770226537,40.919093851132686,True,div_split_adjusted
8766,87660,東京海上ＨＤ,特定,100,6295.0,87660,東京海上ホールディングス,True,False,False,False,True,A_non_cut_years; fin_sector_excluded_from_core; E_div_yield; fin:A_non_cut_years; fin:E_div_yield,A_non_cut_years; fin_sector_excluded_from_core; E_div_yield; fin:A_non_cut_years; fin:E_div_yield,,0.024426102071712696,0.024242424242424242,False,0.29489309048929063,0.0,5,24,yf,False,1.0,1.0,6,70.22653721682848,38.11326860841424,True,div_split_adjusted
9008,90080,京王電鉄,特定,100,3616.0,90080,京王電鉄,True,False,False,False,False,A_non_cut_years; D_fcf_payout; D_fcf_hard_fail; TT_not_all_pass; data_missing:yield_total,A_non_cut_years; D_fcf_payout; D_fcf_hard_fail,TT_not_all_pass,,0.12437810945273632,False,1.5120229202905966,0.0,5,27,yf,False,1.0,0.6666666666666666,4,43.07443365695793,30.537216828478964,True,shares_missing; div_split_adjusted
